<?xml version="1.0" encoding="UTF-8"?>
<project xmlns="http://maven.apache.org/POM/3.0.0"
           xmlns:xsi="http://www.w3.org/2001/XMLSchema-instance"
         xsi:schemaLocation="http://maven.apache.org/POM/3.0.0 http://maven.apache.org/maven-v3_0_0.xsd">

    <pomVersion>3</pomVersion>
    <extend>../net.sf.jgabl2.parent-project/project.xml</extend>

    <artifactId>net.sf.jgabl2.core</artifactId>
   
    <description>jGABL (the Java Graph Algorithm Base Library) is a java library for the implementation of graph algorithms.
It covers a hierarchy of graph concepts, various graph implementations, and algorithm animation.</description>
    <shortDescription>The java Graph Algorithm Base Library</shortDescription>

     <versions>
        <version>
          <id>0.3.0</id>
          <name>0.3.0</name>
          <tag>net_sf_jgabl2_graph_20060208_0_3_0</tag>
        </version>
        <version>
          <id>0.5.0_beta1</id>
          <name>0.5.0_beta1</name>
          <tag>net_sf_jgabl2_graph_20060402_0_5_0_beta1</tag>
        </version>
        <version>
          <id>0.7.0</id>
          <name>0.7.0</name>
          <tag>net_sf_jgabl2_20060627_0_7_0</tag>
        </version>
      </versions>
 

</project>

